"","avod_Ad_Spend_alphas","avod_Ad_Spend_gammas","avod_Ad_Spend_thetas","dsp_Ad_Spend_alphas","dsp_Ad_Spend_gammas","dsp_Ad_Spend_thetas","internetDisplay_Ad_Spend_alphas","internetDisplay_Ad_Spend_gammas","internetDisplay_Ad_Spend_thetas","mobileWeb_Ad_Spend_alphas","mobileWeb_Ad_Spend_gammas","mobileWeb_Ad_Spend_thetas","mobileWebVideo_Ad_Spend_alphas","mobileWebVideo_Ad_Spend_gammas","mobileWebVideo_Ad_Spend_thetas","onlineVideo_Ad_Spend_alphas","onlineVideo_Ad_Spend_gammas","onlineVideo_Ad_Spend_thetas","sb_Ad_Spend_alphas","sb_Ad_Spend_gammas","sb_Ad_Spend_thetas","sd_Ad_Spend_alphas","sd_Ad_Spend_gammas","sd_Ad_Spend_thetas","sp_Ad_Spend_alphas","sp_Ad_Spend_gammas","sp_Ad_Spend_thetas","train_size","rsq_train","rsq_val","rsq_test","nrmse_train","nrmse_val","nrmse_test","nrmse","decomp.rssd","mape","lambda","lambda_hp","lambda_max","lambda_min_ratio","pos","Elapsed","ElapsedAccum","solID","trial","iterNG","iterPar","iterations","coef0","mape.qt10","robynPareto","error_score","cluster","top_sol"
"1",2.3457725,0.4483636,0.01943964,1.02998,0.35625697,0.0861429,1.89598,0.7798899,0.1547421,1.6574425,0.6171343,0.2730147,1.0981225,0.5757482,0.1234281,1.92629,0.3828758,0.2885256,2.3648125,0.767705,0.1046958,2.704745,0.7122048,0.0963318,1.4131425,0.5473975,0.0626466,1,0.107070647084151,NA,NA,0.14980315589528,NA,NA,0.14980315589528,0.0310146308112074,0,19469563.2528089,0.303184,64202232.1050987,1e-04,0,0.0885069370269775,13.5642840862274,"1_131_1",1,131,1,131,FALSE,TRUE,3,0.297036893707221,4,FALSE
"2",2.0494575,0.8170074,0.1279512,0.56637675,0.597416,0.0893025,2.0963075,0.9548983,0.1511169,1.598585,0.3749658,0.2586423,0.9794375,0.5863119,0.1802175,1.9506425,0.7733617,0.2300124,2.3263875,0.6850987,0.046767,2.504625,0.6905594,0.0608952,1.71453,0.33537261,0.1288923,1,0.648833458456411,NA,NA,0.0939439849209978,NA,NA,0.0939439849209978,0.0601463669856732,0,1604645.57540319,0.0248961,64202232.1050987,1e-04,0,0.0866842269897461,35.9356076717377,"1_328_1",1,328,1,328,TRUE,TRUE,2,0.10762423379841,2,FALSE
"3",1.0877675,0.7968656,0.01521339,1.2789225,0.35781195,0.0315561,1.0099975,0.720973,0.2763537,2.956195,0.8275137,0.01278282,1.42521,0.4649697,0.1185111,1.8422275,0.33794126,0.280377,2.272725,0.757401,0.052488,2.3348475,0.7052398,0.0680337,1.676355,0.36538861,0.1569951,1,0.740757356455146,NA,NA,0.0804579908687566,NA,NA,0.0804579908687566,0.341572149689081,0,1199910.24023145,0.0185914,64202232.1050987,1e-04,0,0.088939905166626,41.7210502624512,"1_384_1",1,384,1,384,TRUE,TRUE,3,0.104549418941895,1,TRUE
"4",2.4269475,0.7831603,0.1354989,0.66534225,0.553659,0.1554933,1.6683525,0.8699666,0.2116917,2.720615,0.31609755,0.0983313,1.7213175,0.3974267,0.2929791,1.774445,0.7380404,0.2339121,2.1602,0.7071508,0.01030824,2.125865,0.6869936,0.1160001,1.5189175,0.3702436,0.0794805,1,0.436011431952935,NA,NA,0.119054979182392,NA,NA,0.119054979182392,0.0325350817941557,0,4409572.44270209,0.0685894,64202232.1050987,1e-04,0,0.082550048828125,45.9371991157532,"1_425_1",1,425,1,425,TRUE,TRUE,3,0.192552560880441,4,FALSE
"5",1.11715,0.7547872,0.0835548,0.56321675,0.5424443,0.1060533,0.74586825,0.7466196,0.2474307,2.95046,0.7611446,0.1377189,0.5206747,0.728631,0.2300583,2.53135,0.4152823,0.2703915,2.2278775,0.8031558,0.0843405,1.2261925,0.6246341,0.1630848,1.3372125,0.31291304,0.1123329,1,0.791477671212257,NA,NA,0.0721592891195574,NA,NA,0.0721592891195574,0.446083838416646,0,409904.382008672,0.00628521,64202232.1050987,1e-04,0,0.0823941230773926,49.5122923851013,"1_459_1",1,459,1,459,TRUE,TRUE,3,0.117339498997368,1,FALSE
"6",1.633215,0.8090029,0.1135878,0.509895325,0.6036789,0.1544646,1.660835,0.7524912,0.1864623,2.3656075,0.6235169,0.2598609,0.862815,0.7000731,0.0886899,1.7868825,0.7413647,0.2540274,2.476825,0.7510702,0.02059665,2.1211575,0.6726653,0.0350643,1.824955,0.33537261,0.1785906,1,0.637835639528944,NA,NA,0.0954037109967302,NA,NA,0.0954037109967302,0.0456898774898228,0,1766573.09129406,0.0274185,64202232.1050987,1e-04,0,0.082273006439209,51.4743928909302,"1_478_1",1,478,1,478,TRUE,TRUE,1,0.1123075721003,2,FALSE
"7",1.633215,0.8090029,0.1135878,0.509895325,0.6036789,0.1544646,2.06325,0.8440652,0.1199451,1.510145,0.7292043,0.2716599,0.6346505,0.7664317,0.0347415,1.7868825,0.7413647,0.2540274,2.476825,0.7510702,0.02059665,2.1211575,0.6726653,0.0350643,1.824955,0.33537261,0.1785906,1,0.637418421648193,NA,NA,0.0954586483143464,NA,NA,0.0954586483143464,0.0489603346993672,0,1766573.09129406,0.0274185,64202232.1050987,1e-04,0,0.0920934677124023,54.5890264511108,"1_508_1",1,508,1,508,TRUE,TRUE,2,0.11254094774164,2,FALSE
"8",1.633215,0.8090029,0.1135878,0.509895325,0.6036789,0.1374123,1.9553725,0.642391,0.0820716,1.1908475,0.7014346,0.2598609,0.862815,0.7000731,0.0886899,1.7868825,0.7413647,0.2540274,2.476825,0.7510702,0.02059665,2.1211575,0.6726653,0.0350643,1.824955,0.33537261,0.1785906,1,0.637267806290961,NA,NA,0.0954784728814066,NA,NA,0.0954784728814066,0.0526709824459017,0,1766573.09129406,0.0274185,64202232.1050987,1e-04,0,0.0816287994384766,57.7420823574066,"1_538_1",1,538,1,538,TRUE,TRUE,3,0.112669581983233,2,FALSE
"9",2.489695,0.7457348,0.1391901,0.8621475,0.3889868,0.0365052,1.83473,0.665351,0.2269902,2.6288375,0.6193974,0.1415349,1.1392825,0.4105083,0.268224,2.0870725,0.4278445,0.2794074,2.655395,0.7106032,0.1190808,2.9266275,0.7319721,0.00538236,1.6263325,0.4584233,0.1075131,1,0.427650050549407,NA,NA,0.119934253776265,NA,NA,0.119934253776265,0.0247411437810302,0,4606448.15858146,0.0716562,64202232.1050987,1e-04,0,0.0798261165618896,58.2504479885101,"1_543_1",1,543,1,543,TRUE,TRUE,1,0.195529211301926,4,FALSE
"10",1.633215,0.8090029,0.1135878,0.509895325,0.6036789,0.1544646,1.660835,0.7524912,0.1864623,2.97838,0.9977117,0.1415442,1.4598975,0.6244654,0.1105749,1.75776,0.7233439,0.2692788,2.476825,0.7510702,0.02059665,2.1211575,0.6726653,0.0350643,1.824955,0.33537261,0.1785906,1,0.637098546413795,NA,NA,0.095500746600239,NA,NA,0.095500746600239,0.0429617537163197,0,1766573.09129406,0.0274185,64202232.1050987,1e-04,0,0.0850789546966553,61.533066034317,"1_568_1",1,568,1,568,TRUE,TRUE,1,0.112602999687593,2,FALSE
"11",2.489695,0.7457348,0.1391901,0.8621475,0.3889868,0.0365052,1.83473,0.665351,0.2269902,2.6288375,0.6193974,0.1415349,1.1392825,0.44602,0.268224,2.0870725,0.4278445,0.2794074,2.655395,0.7106032,0.1190808,2.9266275,0.7319721,0.00538236,1.6263325,0.4584233,0.1075131,1,0.427639975548918,NA,NA,0.119935309365026,NA,NA,0.119935309365026,0.0247005691896127,0,4606448.15858146,0.0716562,64202232.1050987,1e-04,0,0.0922591686248779,65.2943017482758,"1_603_1",1,603,1,603,TRUE,TRUE,1,0.195532798187839,4,FALSE
"12",1.2598125,0.7741016,0.0572886,0.53301325,0.6496388,0.0935811,1.108495,0.8800725,0.2674671,2.7071,0.6802883,0.0481359,1.3234125,0.407044,0.2737716,2.4496375,0.6950016,0.2367669,2.4775275,0.7555978,0.01356447,1.783525,0.6214645,0.1184613,1.5795,0.4190119,0.1315248,1,0.657316093733294,NA,NA,0.0928024127130078,NA,NA,0.0928024127130078,0.0726626563108181,0,1623230.26294299,0.0251856,64202232.1050987,1e-04,0,0.093982458114624,68.1822066307068,"1_629_1",1,629,1,629,TRUE,TRUE,2,0.104118731131758,2,FALSE
"13",1.633215,0.8090029,0.1135878,0.509895325,0.6036789,0.1544646,1.660835,0.7524912,0.1864623,2.3656075,0.6235169,0.2338218,0.90517,0.7370163,0.0842379,1.9152525,0.7413647,0.2540274,2.476825,0.7510702,0.02059665,2.1211575,0.6726653,0.0350643,1.824955,0.33537261,0.1785906,1,0.6378269635892,NA,NA,0.0954048537263596,NA,NA,0.0954048537263596,0.0454547064870568,0,1766573.09129406,0.0274185,64202232.1050987,1e-04,0,0.0819118022918701,71.4923295974731,"1_658_1",1,658,1,658,TRUE,TRUE,1,0.11230833259421,2,FALSE
"14",2.489695,0.7457348,0.1391901,0.8621475,0.3889868,0.0365052,1.83473,0.665351,0.2269902,2.6288375,0.6193974,0.1415349,1.1392825,0.4105083,0.268224,2.0870725,0.7302844,0.2269221,2.8958875,0.7106032,0.1190808,2.9266275,0.7319721,0.00538236,1.6263325,0.4584233,0.1075131,1,0.428794997631779,NA,NA,0.119814233571094,NA,NA,0.119814233571094,0.0318233142096742,0,4606448.15858146,0.0716562,64202232.1050987,1e-04,0,0.0857839584350586,72.0040340423584,"1_663_1",1,663,1,663,TRUE,TRUE,3,0.195130623410564,4,FALSE
"15",1.633215,0.8090029,0.1135878,0.509895325,0.6036789,0.1544646,1.660835,0.7524912,0.1864623,2.3656075,0.6235169,0.2598609,0.862815,0.7000731,0.0886899,1.7868825,0.7413647,0.2540274,2.476825,0.7209506,0.01770783,2.7267425,0.6726653,0.0350643,1.824955,0.33537261,0.1785906,1,0.636767044844571,NA,NA,0.0955443554374291,NA,NA,0.0955443554374291,0.03717510460877,0,1766573.09129406,0.0274185,64202232.1050987,1e-04,0,0.0822536945343018,74.6670544147491,"1_688_1",1,688,1,688,TRUE,TRUE,1,0.112694772766714,2,FALSE
"16",2.09594,0.7688817,0.1070688,1.55464,0.31772197,0.00800433,1.51802,0.5999227,0.1917876,2.998675,0.9065927,0.1975419,1.07192,0.5361912,0.255396,2.069245,0.971083,0.2401587,2.91067,0.788719,0.02420769,1.3641775,0.6817443,0.1080933,1.6102875,0.5268777,0.1580793,1,0.763485880567133,NA,NA,0.0768501109831808,NA,NA,0.0768501109831808,0.41017923410989,0,1016014.91751459,0.0157268,64202232.1050987,1e-04,0,0.0807857513427734,76.4373512268066,"1_705_1",1,705,1,705,TRUE,TRUE,3,0.11407707407107,3,FALSE
"17",2.34282,0.7741184,0.2049558,0.65974675,0.31954267,0.0930651,1.00901,0.8013729,0.2011599,2.0616975,0.5521806,0.0481359,1.3234125,0.407044,0.2737716,1.4009325,0.7343206,0.2857353,2.68549,0.7848263,0.02449932,1.667065,0.6565247,0.1638585,1.45549,0.3712243,0.1320678,1,0.72361875409413,NA,NA,0.083074980491246,NA,NA,0.083074980491246,0.288046411481228,0,1553789.65323035,0.0241039,64202232.1050987,1e-04,0,0.0836348533630371,77.9294402599335,"1_719_1",1,719,1,719,TRUE,TRUE,3,0.0994269144428201,3,FALSE
"18",1.83627,0.7740211,0.2120268,0.5228206,0.5309279,0.02451237,1.846515,0.4164912,0.279855,2.2215775,0.8210828,0.2822181,1.0960825,0.8669958,0.2205045,1.52374,0.6752322,0.2973051,2.512975,0.8619271,0.01785123,1.6910675,0.694373,0.0725979,1.7569925,0.31380246,0.1951188,1,0.657981543841474,NA,NA,0.092712263476445,NA,NA,0.092712263476445,0.0582800245558115,0,1574871.55785237,0.0244323,64202232.1050987,1e-04,0,0.138561487197876,80.9893996715546,"1_742_1",1,742,1,742,TRUE,TRUE,1,0.103410953592117,2,FALSE
"19",1.633215,0.8090029,0.1135878,0.509895325,0.6036789,0.1544646,1.660835,0.7524912,0.1864623,2.3656075,0.6235169,0.2598609,0.862815,0.7000731,0.0886899,1.7868825,0.7413647,0.2540274,2.476825,0.7209506,0.01770783,2.7267425,0.6726653,0.0350643,1.824955,0.33537261,0.180477,1,0.636752085252949,NA,NA,0.0955463228935793,NA,NA,0.0955463228935793,0.0371290135695335,0,1766573.09129406,0.0274185,64202232.1050987,1e-04,0,0.0925045013427734,81.8899457454681,"1_748_1",1,748,1,748,TRUE,TRUE,1,0.112701092516935,2,FALSE
"20",2.03458,0.7850272,0.01446147,0.94008,0.4197035,0.02505654,1.2234825,0.7100229,0.2961783,1.9405075,0.7666711,0.2294421,0.7060305,0.5361912,0.255396,2.069245,0.971083,0.2401587,2.91067,0.788719,0.01243755,0.93099,0.5875663,0.1258794,1.5746825,0.3917273,0.1265967,1,0.737516897215364,NA,NA,0.0809592802300268,NA,NA,0.0809592802300268,0.318117116121052,0,1344658.95686273,0.0208462,64202232.1050987,1e-04,0,0.0824959278106689,83.6727888584137,"1_765_1",1,765,1,765,TRUE,TRUE,1,0.100605057526258,3,FALSE
"21",1.710465,0.8329688,0.00625293,0.5257235,0.5319177,0.1311486,1.130135,0.5338833,0.2699751,1.5190725,0.6235169,0.2598609,0.862815,0.7000731,0.0886899,1.7868825,0.7413647,0.2540274,2.476825,0.7209506,0.01770783,2.7267425,0.6726653,0.0350643,1.824955,0.33537261,0.1785906,1,0.635796137059073,NA,NA,0.0956719634239648,NA,NA,0.0956719634239648,0.0456145951722362,0,1766573.09129406,0.0274185,64202232.1050987,1e-04,0,0.0796566009521484,85.0555460453033,"1_778_1",1,778,1,778,TRUE,TRUE,3,0.113217047709758,2,FALSE
"22",2.7911725,0.8112331,0.1499754,0.62559325,0.4170806,0.0365052,1.83473,0.665351,0.2269902,2.6288375,0.6193974,0.1415349,1.1392825,0.4105083,0.268224,2.0870725,0.7302844,0.186714,2.9356825,0.6239194,0.0396837,2.724185,0.678497,0.0692757,1.72465,0.4712137,0.0867345,1,0.612487615396007,NA,NA,0.0986859227571292,NA,NA,0.0986859227571292,0.0303958771948993,0,2072157.99501422,0.0321787,64202232.1050987,1e-04,0,0.0801510810852051,85.5827028751373,"1_783_1",1,783,1,783,TRUE,TRUE,1,0.123330813114647,2,FALSE
"23",2.7911725,0.8112331,0.1499754,0.62559325,0.4170806,0.0365052,1.994305,0.8170725,0.2810376,2.408635,0.4721475,0.1369317,1.3517075,0.35163697,0.253359,2.5817375,0.4142876,0.2062884,2.68264,0.6513314,0.1273257,2.504045,0.678497,0.0692757,1.72465,0.4712137,0.0867345,1,0.608193129915295,NA,NA,0.0992312441045273,NA,NA,0.0992312441045273,0.0303339830026178,0,2072157.99501422,0.0321787,64202232.1050987,1e-04,0,0.0873787403106689,88.7475569248199,"1_813_1",1,813,1,813,TRUE,TRUE,1,0.1251836290945,2,FALSE
"24",2.34282,0.7741184,0.2049558,0.65974675,0.31954267,0.0930651,1.00901,0.8013729,0.2011599,2.0616975,0.5521806,0.0481359,1.3234125,0.407044,0.2737716,1.4009325,0.7343206,0.2857353,2.9956725,0.7848263,0.02449932,1.667065,0.6565247,0.1638585,1.45549,0.3712243,0.1320678,1,0.726148214583734,NA,NA,0.0826939526736636,NA,NA,0.0826939526736636,0.285617175715801,0,1553789.65323035,0.0241039,64202232.1050987,1e-04,0,0.139668464660645,92.1473000049591,"1_839_1",1,839,1,839,TRUE,TRUE,2,0.0980538091018429,3,FALSE
"25",1.633215,0.8090029,0.1135878,0.509895325,0.6036789,0.1544646,1.660835,0.7524912,0.1864623,2.3656075,0.6235169,0.2598609,0.862815,0.7000731,0.0886899,1.7868825,0.7413647,0.2540274,2.476825,0.7209506,0.01770783,2.749675,0.6537639,0.033342,2.0709525,0.33537261,0.1785906,1,0.636717805904888,NA,NA,0.0955508310934316,NA,NA,0.0955508310934316,0.0508562704330088,0,1766573.09129406,0.0274185,64202232.1050987,1e-04,0,0.0828442573547363,95.9198262691498,"1_868_1",1,868,1,868,TRUE,TRUE,3,0.112883901152295,2,FALSE
"26",2.34282,0.7741184,0.2049558,0.65974675,0.31954267,0.0930651,1.00901,0.8013729,0.2011599,2.712915,0.5494842,0.1870632,2.512015,0.4607823,0.2055756,1.152865,0.7822181,0.2933481,2.9181575,0.8135263,0.01992879,1.30452,0.6286822,0.1964097,1.4988025,0.3791371,0.1320678,1,0.72671850020712,NA,NA,0.0826078043404347,NA,NA,0.0826078043404347,0.283974396651396,0,1553789.65323035,0.0241039,64202232.1050987,1e-04,0,0.0894713401794434,96.0275151729584,"1_869_1",1,869,1,869,TRUE,TRUE,1,0.0975360564685281,3,FALSE
"27",1.633215,0.8090029,0.1135878,0.509895325,0.6036789,0.1544646,1.660835,0.7524912,0.1864623,2.41873,0.640501,0.2937912,0.9320325,0.77292,0.1077921,1.3998425,0.6410988,0.2968206,2.4902225,0.7006765,0.042198,2.89082,0.6200862,0.038649,1.9061025,0.32196579,0.1919445,1,0.634637530760203,NA,NA,0.0958240185428868,NA,NA,0.0958240185428868,0.0391794702147679,0,1766573.09129406,0.0274185,64202232.1050987,1e-04,0,0.0781307220458984,99.1281428337097,"1_898_1",1,898,1,898,TRUE,TRUE,3,0.113661690525369,2,FALSE
"28",2.34282,0.7741184,0.2049558,0.65974675,0.31954267,0.0930651,1.00901,0.8013729,0.2011599,2.7749825,0.6145163,0.2250939,2.65443,0.3976563,0.1959252,1.60064,0.8760741,0.2583732,2.955315,0.8802594,0.0320718,0.815285,0.6414887,0.1796835,1.45669,0.3791371,0.1320678,1,0.725475580374616,NA,NA,0.0827954467503069,NA,NA,0.0827954467503069,0.296093116195407,0,1553789.65323035,0.0241039,64202232.1050987,1e-04,0,0.079087495803833,99.2253658771515,"1_899_1",1,899,1,899,TRUE,TRUE,3,0.100299984865827,3,FALSE
"29",1.0128425,0.789867,0.1036221,0.5579105,0.738697,0.2481432,1.6531125,0.9509384,0.1266111,1.882605,0.6043523,0.0843066,1.1316975,0.6671241,0.1650138,1.5361525,0.7653838,0.2491413,2.547605,0.8166931,0.0946086,2.993015,0.729352,0.0511653,1.7376525,0.4056384,0.1425387,1,0.660484923381609,NA,NA,0.0923723399437291,NA,NA,0.0923723399437291,0.0730898873986438,0,1565171.57067701,0.0242812,64202232.1050987,1e-04,0,0.0850870609283447,99.5302677154541,"1_902_1",1,902,1,902,TRUE,TRUE,2,0.102682786927465,2,FALSE
"30",2.9957325,0.7562768,0.1276827,0.73019775,0.4640912,0.00668376,1.960815,0.8125211,0.2256174,2.48318,0.4967035,0.172632,1.3934225,0.4657908,0.1356675,2.4745425,0.3774053,0.2800038,2.23975,0.7338971,0.1935507,2.3833175,0.7813774,0.1045077,1.82524,0.31258026,0.1101174,1,0.398223007349123,NA,NA,0.122978786338534,NA,NA,0.122978786338534,0.0318030548432916,0,4971504.06242901,0.0773428,64202232.1050987,1e-04,0,0.0829086303710938,100.256686210632,"1_909_1",1,909,1,909,TRUE,TRUE,3,0.205884125650371,4,FALSE
"31",1.8255375,0.812239,0.1217193,0.55584525,0.5476572,0.1362222,1.689865,0.7248552,0.1994253,2.083585,0.5145115,0.292602,0.9461825,0.5848111,0.1227573,1.72645,0.7644416,0.2599224,2.669465,0.7268173,0.02755293,1.7373775,0.6582236,0.064449,1.782535,0.33934707,0.174138,1,0.639673391732537,NA,NA,0.0951613467759455,NA,NA,0.0951613467759455,0.0639171450954573,0,1758343.1882108,0.0272903,64202232.1050987,1e-04,0,0.0809874534606934,101.295708656311,"1_919_1",1,919,1,919,TRUE,TRUE,3,0.111835560145561,2,FALSE
"32",1.633215,0.8090029,0.1135878,0.509895325,0.6036789,0.1544646,1.955905,0.9408213,0.1864623,2.3656075,0.6235169,0.2598609,0.862815,0.7000731,0.0886899,1.8181825,0.7413647,0.2540274,2.476825,0.7209506,0.01770783,2.7267425,0.6726653,0.0350643,1.824955,0.33537261,0.1785906,1,0.636767044844571,NA,NA,0.0955443554374291,NA,NA,0.0955443554374291,0.03717510460877,0,1766573.09129406,0.0274185,64202232.1050987,1e-04,0,0.0867235660552979,102.245101451874,"1_928_1",1,928,1,928,TRUE,TRUE,1,0.112694772766714,NA,NA
"33",1.633215,0.8090029,0.1135878,0.509895325,0.807787,0.217614,0.908015,0.9765248,0.229152,1.52633,0.5170294,0.2903319,0.7754475,0.8668278,0.0995349,1.57382,0.668732,0.2502015,2.5355125,0.7493104,0.01770783,2.7267425,0.6726653,0.0350643,1.824955,0.33537261,0.1785906,1,0.637371836148197,NA,NA,0.0954647805150633,NA,NA,0.0954647805150633,0.0569958969577278,0,1766573.09129406,0.0274185,64202232.1050987,1e-04,0,0.08695387840271,105.389085531235,"1_958_1",1,958,1,958,TRUE,TRUE,3,0.112705677988145,2,FALSE
"34",2.7911725,0.8112331,0.1499754,0.62559325,0.4170806,0.0365052,1.994305,0.9730801,0.2133849,2.44262,0.5354107,0.284739,1.069075,0.4086148,0.253359,2.5817375,0.4142876,0.2062884,2.68264,0.6513314,0.1273257,2.504045,0.678497,0.0692757,1.72465,0.4712137,0.0867345,1,0.608173034152925,NA,NA,0.0992337888556335,NA,NA,0.0992337888556335,0.0311562733404305,0,2072157.99501422,0.0321787,64202232.1050987,1e-04,0,0.0809972286224365,105.898764133453,"1_963_1",1,963,1,963,TRUE,TRUE,2,0.125195108660257,2,FALSE
"35",2.07723,0.722597,0.00321426,2.42279,0.32030966,0.0778923,1.074735,0.5620716,0.1914081,2.4477425,0.9653514,0.02500311,0.71686975,0.5305926,0.265302,1.9776875,0.30990787,0.244854,2.887095,0.8159077,0.02991588,0.8040625,0.6544261,0.1301145,1.5284725,0.4480227,0.150345,1,0.740935717069865,NA,NA,0.0804303082975578,NA,NA,0.0804303082975578,0.343502527544596,0,1318916.43629809,0.0204452,64202232.1050987,1e-04,0,0.0801615715026855,108.439961433411,"1_985_1",1,985,1,985,TRUE,TRUE,3,0.104912276291659,3,FALSE
"36",2.194325,0.7545611,0.1320765,0.8013,0.4589287,0.0788328,1.798405,0.7224682,0.2069145,2.47959,0.6163881,0.1300893,1.137765,0.6671241,0.1650138,1.5361525,0.7653838,0.2491413,2.547605,0.8166931,0.0946086,2.993015,0.729352,0.0511653,1.6485975,0.4478666,0.1145184,1,0.464071353073714,NA,NA,0.116055545941373,NA,NA,0.116055545941373,0.0286666636536444,0,3998192.84100057,0.0621812,64202232.1050987,1e-04,0,0.0778679847717285,109.181815862656,"1_992_1",1,992,1,992,TRUE,TRUE,2,0.1823513525337,4,FALSE
"37",1.5826625,0.4587845,0.2025309,1.2162225,0.5779805,0.243138,2.7270825,0.758675,0.2022609,0.6866585,0.5820349,0.0914754,1.487935,0.8951743,0.0681129,1.7837675,0.4091692,0.1163646,2.395475,0.721183,0.0889917,1.44988,0.6771138,0.1229868,2.225725,0.5052113,0.1213389,1,0.793965725342336,NA,NA,0.071727500863144,NA,NA,0.071727500863144,0.443650142729866,0,477892.240498423,0.00734428,64202232.1050987,1e-04,0,0.0789318084716797,38.7686247825623,"2_377_1",2,377,1,377,TRUE,TRUE,2,0.116307544735837,1,FALSE
"38",2.2441875,0.5689582,0.2604642,1.834655,0.5102079,0.1108842,2.4296475,0.6953222,0.2484867,1.36803,0.36827429,0.1610064,1.145145,0.9644666,0.001611834,1.62586,0.954402,0.1870254,2.085975,0.6870916,0.0789924,1.8969525,0.9091918,0.1594977,2.56335,0.8038621,0.1170315,1,0.821932134676638,NA,NA,0.0666820187085466,NA,NA,0.0666820187085466,0.46913347843799,0,281341.355427171,0.00428254,64202232.1050987,1e-04,0,0.083430290222168,47.8544635772705,"2_455_1",2,455,1,455,TRUE,TRUE,1,0.119598212256441,1,FALSE
"39",2.7924825,0.6665487,0.2396634,1.418555,0.4560419,0.0724767,1.6394125,0.8627608,0.1145121,2.60144,0.6240419,0.1431573,1.2052175,0.7015928,0.1356009,1.4716625,0.580616,0.1546497,1.936395,0.7125646,0.1289712,1.6619625,0.6606813,0.2788704,2.4698225,0.8483401,0.1517715,1,0.694479468675577,NA,NA,0.0876259245416738,NA,NA,0.0876259245416738,0.246315124820897,0,1375421.58991653,0.0213254,64202232.1050987,1e-04,0,0.0781824588775635,56.4661180973053,"2_541_1",2,541,1,541,TRUE,TRUE,3,0.104185379421139,3,FALSE
"40",2.9838025,0.774971,0.2594082,2.8746925,0.35446651,0.01915878,1.2600025,0.6830652,0.200109,0.71088625,0.5394497,0.1868775,0.520676475,0.9638002,0.1738341,2.2934925,0.6841684,0.1962624,2.442995,0.5242786,0.0963297,2.05267,0.9796692,0.2069733,2.90767,0.9736275,0.1390848,1,0.712482939907887,NA,NA,0.0850049512149446,NA,NA,0.0850049512149446,0.275270238230579,0,1284725.7468898,0.0199126,64202232.1050987,1e-04,0,0.0774774551391602,62.613564491272,"2_602_1",2,602,1,602,TRUE,TRUE,2,0.10189237719036,3,FALSE
"41",2.6076675,0.6186001,0.1181052,1.0632175,0.5161208,0.1733871,0.83457,0.7950869,0.2267211,1.9925125,0.8246157,0.02706864,2.1858775,0.8251617,0.072867,1.210765,0.8166966,0.1576074,1.9085775,0.7459784,0.0970758,1.143435,0.7098766,0.2789043,2.72473,0.7282355,0.1394988,1,0.748707584504444,NA,NA,0.0792146765606192,NA,NA,0.0792146765606192,0.335774558318095,0,1377231.9118116,0.0213536,64202232.1050987,1e-04,0,0.0792851448059082,64.9170408248901,"2_625_1",2,625,1,625,TRUE,TRUE,1,0.100846646666056,3,FALSE
"42",2.516195,0.7266388,0.2533047,1.2365475,0.4853145,0.0952782,0.98455,0.5241484,0.0648027,1.9925125,0.8246157,0.02706864,2.1858775,0.4281091,0.2878179,2.154775,0.7505298,0.1791684,2.51073,0.544384,0.109485,2.04589,0.7976783,0.2002122,2.7998725,0.9364414,0.136311,1,0.77358968222015,NA,NA,0.0751906899559364,NA,NA,0.0751906899559364,0.365999660794186,0,1196732.54754329,0.0185419,64202232.1050987,1e-04,0,0.0786573886871338,71.0527687072754,"2_685_1",2,685,1,685,TRUE,TRUE,1,0.100998491994618,3,FALSE
"43",2.8513275,0.8224492,0.2475858,1.8502225,0.353956,0.2700201,1.2154075,0.7718546,0.062724,1.726355,0.4753213,0.001893468,1.8205625,0.5510676,0.1369176,1.0719275,0.8730403,0.1163814,2.13709,0.8834927,0.0639579,1.6619625,0.7385871,0.2153595,2.63591,0.8933557,0.094764,1,0.778687721080383,NA,NA,0.0743393429000152,NA,NA,0.0743393429000152,0.403271047383092,0,1099161.33306401,0.017022,64202232.1050987,1e-04,0,0.0784451961517334,71.6424820423126,"2_691_1",2,691,1,691,TRUE,TRUE,1,0.1089571167603,3,FALSE
"44",2.67052,0.7133969,0.26463,1.4310575,0.4595034,0.107511,1.37547,0.7352579,0.001581438,2.6440825,0.9467188,0.1016733,1.87489,0.3836409,0.1994556,1.299595,0.5859353,0.2015709,1.6482675,0.6968006,0.2193957,1.2330425,0.5100847,0.1587342,2.49953,0.9897646,0.122607,1,0.76599476220903,NA,NA,0.0764414210553607,NA,NA,0.0764414210553607,0.413137945296465,0,1171477.91514896,0.0181485,64202232.1050987,1e-04,0,0.07889723777771,79.4453837871552,"2_769_1",2,769,1,769,TRUE,TRUE,3,0.114203482830464,3,FALSE
"45",2.122655,0.6488247,0.2625351,2.895095,0.3886291,0.0242451,2.5769075,0.8622036,0.1394319,1.649445,0.32635388,0.1962855,1.276135,0.7068519,0.2351958,2.5676225,0.5463909,0.1517646,2.108245,0.6902843,0.1255965,1.3838725,0.7035269,0.1618803,2.65981,0.5908969,0.1624911,1,0.797965459777515,NA,NA,0.071027867301922,NA,NA,0.071027867301922,0.440460208888136,0,456409.754010268,0.00700964,64202232.1050987,1e-04,0,0.0871138572692871,80.7411875724792,"2_782_1",2,782,1,782,TRUE,TRUE,1,0.114857980409651,1,FALSE
"46",2.35191,0.5547104,0.0174261,1.364685,0.4211966,0.1882437,0.64457325,0.867868,0.1503294,1.6590675,0.9309807,0.1963323,0.706283,0.6540572,0.1938336,1.9202225,0.35514607,0.1268361,2.8727925,0.8834927,0.0639579,1.6619625,0.7385871,0.2153595,2.63591,0.9103307,0.0944331,1,0.78950926704249,NA,NA,0.0724990729115318,NA,NA,0.0724990729115318,0.417944756784847,0,1025156.40112657,0.0158692,64202232.1050987,1e-04,0,0.0786876678466797,83.6279680728912,"2_811_1",2,811,1,811,TRUE,TRUE,2,0.110503979303979,5,FALSE
"47",2.22681,0.6152205,0.2450919,2.48607,0.3884324,0.0457053,2.2611875,0.7903696,0.1142955,1.859205,0.6642485,0.0344157,2.12247,0.4830206,0.2426202,1.7443325,0.8811533,0.1898382,2.6570325,0.5570547,0.0468786,2.09502,0.7737726,0.2431044,2.27945,0.4308209,0.1570533,1,0.814581402703888,NA,NA,0.0680444343994504,NA,NA,0.0680444343994504,0.45174402584404,0,176153.307868103,0.00264399,64202232.1050987,1e-04,0,0.0798516273498535,84.9210305213928,"2_824_1",2,824,1,824,TRUE,TRUE,2,0.115667010985042,1,FALSE
"48",2.7408725,0.9004187,0.2246358,1.703,0.4064742,0.00757686,2.54037,0.9402732,0.0869601,2.8674325,0.6046148,0.0924462,1.5456675,0.36825847,0.252087,1.742405,0.36866321,0.0832923,2.3407975,0.737682,0.2418534,1.49959,0.7825268,0.1270092,2.5536625,0.8020225,0.1228236,1,0.696251225351783,NA,NA,0.0873714775607199,NA,NA,0.0873714775607199,0.251321921146244,0,1355989.51765988,0.0210227,64202232.1050987,1e-04,0,0.0790696144104004,87.3096675872803,"2_848_1",2,848,1,848,TRUE,TRUE,3,0.104245769400176,3,FALSE
"49",2.35191,0.5547104,0.0174261,1.364685,0.4211966,0.2299728,0.64457325,0.867868,0.1503294,1.6590675,0.9309807,0.1963323,0.706283,0.6540572,0.1938336,1.9202225,0.35514607,0.1268361,2.8727925,0.8834927,0.0639579,1.6619625,0.7385871,0.2153595,2.63591,0.9103307,0.0944331,1,0.789514169460558,NA,NA,0.0724982286396024,NA,NA,0.0724982286396024,0.41794922948993,0,1025156.40112657,0.0158692,64202232.1050987,1e-04,0,0.0780036449432373,89.6450209617615,"2_871_1",2,871,1,871,TRUE,TRUE,2,0.110504223532998,5,FALSE
"50",1.932165,0.7068176,0.1284237,0.7643425,0.4181439,0.002435715,2.8084,0.6787693,0.1156482,1.9253375,0.7907609,0.2242785,1.7268175,0.6875326,0.1850685,1.9891425,0.36942957,0.1543293,2.71691,0.6832787,0.1323564,2.9717625,0.9706308,0.1437159,2.6287425,0.8719329,0.1515756,1,0.670287513109965,NA,NA,0.0910290709822577,NA,NA,0.0910290709822577,0.0983963094421854,0,1664200.03008601,0.0258238,64202232.1050987,1e-04,0,0.0816857814788818,91.2431750297546,"2_887_1",2,887,1,887,TRUE,TRUE,1,0.0992724040888376,2,FALSE
"51",2.938465,0.9558713,0.2139324,1.764855,0.36175736,0.1722333,1.77257,0.8256153,0.0256857,2.0363325,0.8787362,0.1424772,2.1552825,0.30735546,0.1748847,2.1961075,0.5757363,0.0643641,2.41501,0.6923346,0.1046499,2.3437425,0.9338927,0.1740267,2.0722925,0.9615532,0.1650714,1,0.697882781823669,NA,NA,0.0871365079859484,NA,NA,0.0871365079859484,0.222277022453668,0,1337892.71829038,0.0207408,64202232.1050987,1e-04,0,0.0866789817810059,92.5437459945679,"2_900_1",2,900,1,900,TRUE,TRUE,2,0.099263697894752,4,FALSE
"52",1.7776325,0.5996518,0.2126169,0.7749,0.405364,0.1516524,2.6804875,0.6324454,0.1359831,1.4789725,0.3714896,0.0656814,0.61570675,0.7321373,0.233151,2.82827,0.7139226,0.166689,2.1283725,0.8294114,0.2322996,2.4386775,0.9712524,0.1548495,2.9298975,0.843949,0.0723444,1,0.816521981858197,NA,NA,0.0676874234846956,NA,NA,0.0676874234846956,0.455581058146322,0,493617.646577011,0.00758924,64202232.1050987,1e-04,0,0.0832016468048096,93.2210681438446,"2_907_1",2,907,1,907,TRUE,TRUE,3,0.11648437660048,1,FALSE
"53",2.115585,0.5081891,0.0459624,1.337185,0.3956277,0.2326374,2.45667,0.9099863,0.2180859,1.159495,0.4567335,0.238869,1.3434475,0.6118696,0.1777515,1.8464875,0.31926876,0.1097169,2.710415,0.7427451,0.01517115,1.52039,0.9528207,0.1545768,2.3859075,0.7554256,0.0782952,1,0.775250430015649,NA,NA,0.0749144158734675,NA,NA,0.0749144158734675,0.415045189972048,0,1107282.10326707,0.0171485,64202232.1050987,1e-04,0,0.0808019638061523,93.4271657466888,"2_909_1",2,909,1,909,TRUE,TRUE,2,0.112605448370029,3,FALSE
"54",2.31878,0.8575535,0.1611183,0.9922575,0.34718119,0.2767149,2.83728,0.6224683,0.000331023,1.9500625,0.8646732,0.0525117,2.2962925,0.32248148,0.1719408,2.1961075,0.5757363,0.0643641,2.41501,0.6923346,0.1046499,2.3437425,0.9338927,0.1740267,2.0722925,0.9615532,0.1650714,1,0.699106646715422,NA,NA,0.0869598356088667,NA,NA,0.0869598356088667,0.106707870815491,0,1337892.71829038,0.0207408,64202232.1050987,1e-04,0,0.0764250755310059,96.5557816028595,"2_930_1",2,930,1,930,TRUE,TRUE,1,0.0862990090304406,2,TRUE
"55",2.35191,0.5547104,0.0174261,1.364685,0.4211966,0.1882437,0.64457325,0.867868,0.1503294,1.6590675,0.9309807,0.1963323,0.706283,0.6540572,0.1938336,1.9202225,0.35514607,0.1268361,2.8727925,0.8834927,0.0639579,1.43949,0.7105388,0.1725759,2.65503,0.9103307,0.0944331,1,0.789551549758053,NA,NA,0.0724917908530872,NA,NA,0.0724917908530872,0.415317827972214,0,1025156.40112657,0.0158692,64202232.1050987,1e-04,0,0.0855154991149902,96.6577877998352,"2_931_1",2,931,1,931,TRUE,TRUE,1,0.109829530611533,5,FALSE
"56",2.5284125,0.380437,0.1815228,1.647035,0.5933497,0.0515961,2.48023,0.9221838,0.1132032,1.7074175,0.5990974,0.1962855,0.506169375,0.4530774,0.2153256,1.749415,0.33333036,0.1412127,2.5638175,0.5730497,0.1052643,2.0658675,0.7122853,0.0814287,2.9014975,0.8190745,0.0884844,1,0.817072274510432,NA,NA,0.0675858422084391,NA,NA,0.0675858422084391,0.444553622534457,0,458915.316548018,0.00704867,64202232.1050987,1e-04,0,0.0774397850036621,96.7512798309326,"2_932_1",2,932,1,932,TRUE,TRUE,1,0.113521016219567,1,FALSE
"57",2.7408725,0.9004187,0.2246358,1.703,0.4064742,0.00757686,1.6839375,0.539435,0.1615512,2.47737,0.6846479,0.0465459,2.5777325,0.37595,0.2915628,2.9987275,0.5338595,0.01224057,2.6406225,0.6345748,0.2418534,1.49959,0.7825268,0.1270092,2.5536625,0.8020225,0.1228236,1,0.695702288403088,NA,NA,0.0874503911017676,NA,NA,0.0874503911017676,0.247296010210518,0,1355989.51765988,0.0210227,64202232.1050987,1e-04,0,0.078315258026123,97.3575856685638,"2_938_1",2,938,1,938,TRUE,TRUE,3,0.103844830647093,3,FALSE
"58",2.607785,0.9219787,0.2675796,1.482435,0.3507346,0.1633458,2.91811,0.6809806,0.1274433,2.9256375,0.5461018,0.1974597,0.9888975,0.4083761,0.2055201,2.0056675,0.4232805,0.1179519,2.8105275,0.6728886,0.1211619,2.49731,0.8631745,0.149505,2.4549775,0.9077295,0.152313,1,0.692641311545392,NA,NA,0.0878891289072882,NA,NA,0.0878891289072882,0.144801985545829,0,1449856.63379358,0.0224849,64202232.1050987,1e-04,0,0.0800759792327881,98.238107919693,"2_947_1",2,947,1,947,TRUE,TRUE,3,0.092379568141044,4,FALSE
"59",2.31878,0.8575535,0.1611183,0.9922575,0.34718119,0.2767149,0.9826075,0.7658654,0.0385104,0.8455525,0.7653089,0.1720059,1.5576375,0.7139744,0.048819,1.2717875,0.4661205,0.1437708,2.1352225,0.7858931,0.0832905,1.26739,0.6114531,0.2013039,2.6969525,0.6866576,0.1080885,1,0.7528123840339,NA,NA,0.0785650366240589,NA,NA,0.0785650366240589,0.354480815614144,0,1314364.95323566,0.0203743,64202232.1050987,1e-04,0,0.134025812149048,99.762401342392,"2_960_1",2,960,1,960,TRUE,TRUE,3,0.103816315477607,3,FALSE
"60",2.9230325,0.5547104,0.0174261,1.364685,0.4211966,0.1882437,0.64457325,0.867868,0.1503294,1.6590675,0.9309807,0.1963323,0.706283,0.6540572,0.1938336,1.9202225,0.35514607,0.1268361,2.8727925,0.8834927,0.0639579,1.43949,0.7105388,0.1725759,2.65503,0.9103307,0.0944331,1,0.789194417346747,NA,NA,0.0725532743038442,NA,NA,0.0725532743038442,0.416365152392801,0,1025156.40112657,0.0158692,64202232.1050987,1e-04,0,0.14782452583313,99.9401438236237,"2_961_1",2,961,1,961,TRUE,TRUE,2,0.110160594268695,5,FALSE
"61",2.580695,0.7901701,0.2675796,1.482435,0.3507346,0.1633458,2.91811,0.6809806,0.1274433,2.9256375,0.5461018,0.1974597,0.9888975,0.4083761,0.2055201,2.0056675,0.4232805,0.1179519,2.8105275,0.6728886,0.1012962,2.1415975,0.9563704,0.1954794,2.8171325,0.9604479,0.1417305,1,0.714430415341212,NA,NA,0.0847165747019942,NA,NA,0.0847165747019942,0.149021376674832,0,1317748.07252184,0.020427,64202232.1050987,1e-04,0,0.0777432918548584,102.666784524918,"2_977_1",2,977,1,977,TRUE,TRUE,1,0.0827998860503707,4,TRUE
"62",2.770665,0.7074875,0.2246358,1.703,0.4064742,0.00757686,2.54037,0.9402732,0.0869601,2.8674325,0.6046148,0.0924462,1.5456675,0.4848546,0.2924649,1.9199475,0.5521925,0.2028633,2.793155,0.5674868,0.1332756,1.774915,0.8126303,0.2027337,2.6534975,0.9086731,0.1149408,1,0.771899501254859,NA,NA,0.075470822013113,NA,NA,0.075470822013113,0.373631096700722,0,1212466.94103554,0.018787,64202232.1050987,1e-04,0,0.0769624710083008,104.708458662033,"2_998_1",2,998,1,998,TRUE,TRUE,2,0.103248120444926,3,FALSE
"63",2.6666075,0.7587093,0.136203,0.7321375,0.6892126,0.1591035,0.9457825,0.8758431,0.2871651,1.49241,0.5414804,0.1498311,0.7302935,0.5659412,0.1070961,2.06345,0.6588627,0.1289835,2.4010225,0.6941861,0.1332933,2.0481225,0.6465091,0.1259073,1.9055475,0.6101455,0.095202,1,0.738099508299734,NA,NA,0.0808693811542559,NA,NA,0.0808693811542559,0.338010752935013,0,1382027.33895917,0.0214283,64202232.1050987,1e-04,0,0.078571081161499,21.051126241684,"3_220_1",3,220,1,220,TRUE,TRUE,2,0.104613736823141,3,FALSE
"64",2.97517,0.34814579,0.2618619,1.17845,0.303545059,0.2543076,2.0452975,0.8021597,0.1262907,2.9347175,0.8579399,0.01371612,2.086135,0.5634975,0.233724,0.509832225,0.5872576,0.112215,2.63996,0.8356918,0.0490887,1.16277,0.4013775,0.2437344,1.9316425,0.36999104,0.0001365162,1,0.745210239185587,NA,NA,0.0797640043277483,NA,NA,0.0797640043277483,0.354175032798651,0,1281978.16614125,0.0198698,64202232.1050987,1e-04,0,0.0848226547241211,25.2894530296326,"3_264_1",3,264,1,264,TRUE,TRUE,3,0.105961245485913,3,FALSE
"65",1.45764,0.5763873,0.2371818,1.4492675,0.4758379,0.0900117,1.527955,0.6948959,0.2440839,2.383765,0.6521994,0.0355044,2.404125,0.6173954,0.1527981,2.551195,0.7451013,0.0985341,2.42683,0.8221258,0.01679247,1.30628,0.4790705,0.1308234,1.756555,0.8586637,0.1623723,1,0.697176339451689,NA,NA,0.087238324391922,NA,NA,0.087238324391922,0.279800102015636,0,1362498.9729847,0.0211241,64202232.1050987,1e-04,0,0.0817978382110596,26.4619400501251,"3_276_1",3,276,1,276,TRUE,TRUE,3,0.108486378643309,3,FALSE
"66",2.086555,0.8290509,0.0659628,0.8732625,0.32747157,0.0958008,1.7132125,0.4241051,0.2011458,2.400865,0.5397528,0.1160451,0.6603765,0.8652276,0.0637791,2.2517475,0.6348625,0.0425823,2.3931225,0.6430973,0.1433916,1.925575,0.6467142,0.0969282,2.260105,0.36562304,0.0503619,1,0.727199509152085,NA,NA,0.0825350723902202,NA,NA,0.0825350723902202,0.328405521894596,0,1374567.7856185,0.0213121,64202232.1050987,1e-04,0,0.0770483016967773,33.0680565834045,"3_343_1",3,343,1,343,TRUE,TRUE,2,0.106131714943183,3,FALSE
"67",2.351145,0.5463482,0.1789383,1.6644875,0.31834483,0.071619,1.30621,0.33096149,0.120705,2.6698425,0.8032083,0.0611862,1.52712,0.9327244,0.0766605,2.8136275,0.905227,0.1191288,2.94265,0.7643009,0.00687087,2.058545,0.6184818,0.2378523,2.2259675,0.3754229,0.00804492,1,0.753250452477173,NA,NA,0.0784953888685235,NA,NA,0.0784953888685235,0.341103219616158,0,1224169.83754161,0.0189693,64202232.1050987,1e-04,0,0.130311489105225,50.9356024265289,"3_525_1",3,525,1,525,TRUE,TRUE,1,0.100673540277974,3,FALSE
"68",2.92173,0.6501764,0.0557943,1.525855,0.379408,0.2031483,0.97147,0.5331973,0.1734855,0.96982,0.5539425,0.1328826,2.52898,0.5381827,0.0756426,2.368475,0.8592685,0.0969846,2.3941875,0.6668007,0.0030354,1.292085,0.7371185,0.01483056,2.556605,0.4749419,0.0417813,1,0.744911838780365,NA,NA,0.0798106989953877,NA,NA,0.0798106989953877,0.339809824538852,0,1292551.2163582,0.0200345,64202232.1050987,1e-04,0,0.0835196971893311,58.2708213329315,"3_579_1",3,579,1,579,TRUE,TRUE,2,0.102887989150636,3,FALSE
"69",2.148345,0.4584905,0.2891301,0.63070375,0.7770913,0.1748811,0.67351925,0.9195777,0.2870838,2.41848,0.7847591,0.00355176,1.6830875,0.5986382,0.0100659,1.2651375,0.7750459,0.0929967,2.433225,0.8357114,0.1930035,2.437835,0.5469929,0.2334162,1.46348,0.6145058,0.0302508,1,0.792749508376252,NA,NA,0.0719388924962396,NA,NA,0.0719388924962396,0.442278635827507,0,485962.937968214,0.00747,64202232.1050987,1e-04,0,0.0758039951324463,61.6935176849365,"3_614_1",3,614,1,614,TRUE,TRUE,2,0.116153635467119,1,FALSE
"70",2.723535,0.5230144,0.1898022,0.8303775,0.8045369,0.1375218,0.6467895,0.8899159,0.2991303,2.54127,0.9955921,0.1518786,1.917765,0.4818677,0.2969085,1.6175975,0.6288187,0.1794084,1.6175075,0.769427,0.1467567,1.170625,0.4327424,0.2963997,2.2968225,0.8745768,0.1883739,1,0.779748142869193,NA,NA,0.074161029892745,NA,NA,0.074161029892745,0.420051426396355,0,792696.946721064,0.0122481,64202232.1050987,1e-04,0,0.0750365257263184,65.8048980236053,"3_654_1",3,654,1,654,TRUE,TRUE,3,0.112912976291144,5,FALSE
"71",2.8470675,0.5060079,0.2957478,0.977795,0.7577496,0.2340345,0.74698575,0.9210477,0.2986305,1.5913875,0.5307956,0.1483263,1.5680425,0.8005847,0.1427937,1.655525,0.7959311,0.1357977,2.2953625,0.7708403,0.0536613,1.7841275,0.545007,0.1746264,1.67297,0.7134193,0.0873534,1,0.811726859247003,NA,NA,0.0685662103328591,NA,NA,0.0685662103328591,0.453829844885803,0,292151.288189962,0.00445093,64202232.1050987,1e-04,0,0.0790863037109375,66.2881593704224,"3_659_1",3,659,1,659,TRUE,TRUE,3,0.116522404453073,1,FALSE
"72",2.6779875,0.4678894,0.2890731,1.2081975,0.7504906,0.2754183,0.52110515,0.7558708,0.2440389,2.210205,0.4004752,0.002268387,1.86427,0.6429783,0.1343685,1.939015,0.8196744,0.1424889,2.2953625,0.7708403,0.0536613,1.7841275,0.545007,0.1746264,1.67297,0.7134193,0.0873534,1,0.811854150529925,NA,NA,0.0685430276404946,NA,NA,0.0685430276404946,0.443952671054619,0,292151.288189962,0.00445093,64202232.1050987,1e-04,0,0.0756769180297852,71.9968848228455,"3_719_1",3,719,1,719,TRUE,TRUE,1,0.113913782198427,5,FALSE
"73",2.7843875,0.3234297,0.2077116,0.78067,0.6726457,0.279978,0.9130475,0.7485831,0.2286255,2.2689725,0.632164,0.1001811,2.4309325,0.6257884,0.145623,1.5908375,0.7924899,0.1057272,2.96774,0.899809,0.1609041,1.23345,0.4681022,0.2970588,1.91443,0.7256084,0.0600018,1,0.785542643302051,NA,NA,0.0731789943912758,NA,NA,0.0731789943912758,0.433074849493237,0,813457.872283667,0.0125715,64202232.1050987,1e-04,0,0.0753982067108154,72.8866589069366,"3_728_1",3,728,1,728,TRUE,TRUE,3,0.115066940268495,3,FALSE
"74",2.2105325,0.4065484,0.2089575,1.9375675,0.30716247,0.2031483,0.97147,0.5331973,0.1734855,0.96982,0.5539425,0.1328826,2.52898,0.5381827,0.0756426,2.368475,0.8592685,0.0969846,2.3941875,0.6668007,0.0030354,1.292085,0.7371185,0.01483056,2.556605,0.4749419,0.02170938,1,0.75910827148643,NA,NA,0.077558054548903,NA,NA,0.077558054548903,0.363798814906632,0,1097216.19996399,0.0169917,64202232.1050987,1e-04,0,0.0749814510345459,72.9777870178223,"3_729_1",3,729,1,729,TRUE,TRUE,3,0.104202417825733,3,FALSE
"75",2.17875,0.4287146,0.2869998,1.234875,0.5579003,0.2172846,1.0133725,0.9812449,0.2141262,1.707415,0.5777285,0.1571871,0.596218,0.4512875,0.1458366,2.99396,0.7034345,0.1661811,2.8009025,0.7446624,0.0857802,2.3946675,0.8262432,0.1770582,2.3304475,0.6169131,0.0932307,1,0.695639426163936,NA,NA,0.0874594234462576,NA,NA,0.0874594234462576,0.195566780603321,0,1358294.14730644,0.0210586,64202232.1050987,1e-04,0,0.0752749443054199,73.3492593765259,"3_733_1",3,733,1,733,TRUE,TRUE,2,0.0966276663600207,3,FALSE
"76",2.25754,0.35359921,0.1178205,0.57783675,0.453062,0.1521378,2.9315325,0.8408802,0.01414164,2.444335,0.755336,0.0806754,1.4794725,0.7463809,0.0687693,2.2564225,0.9963488,0.1344417,2.091075,0.740279,0.01651704,2.362635,0.7764123,0.2156058,1.97865,0.4765428,0.0326007,1,0.661937166944019,NA,NA,0.0921745712681799,NA,NA,0.0921745712681799,0.081821719585021,0,1587190.7341525,0.0246242,64202232.1050987,1e-04,0,0.0758557319641113,73.9354703426361,"3_739_1",3,739,1,739,TRUE,TRUE,2,0.102337732000177,2,FALSE
"77",1.55785,0.9384805,0.1638996,1.1820875,0.8708402,0.1441833,0.978805,0.7635757,0.182184,1.256085,0.4528625,0.1504569,0.57157125,0.5462264,0.1247226,1.8507725,0.7362701,0.0817626,2.4998275,0.720378,0.0316764,2.5323525,0.726608,0.051081,2.480955,0.5565479,0.0364977,1,0.81765275211249,NA,NA,0.0674785232101843,NA,NA,0.0674785232101843,0.463984323252272,0,270320.218443289,0.00411086,64202232.1050987,1e-04,0,0.0818595886230469,74.0333807468414,"3_740_1",3,740,1,740,TRUE,TRUE,3,0.118597046249222,1,FALSE
"78",2.7843875,0.3234297,0.2077116,0.78067,0.6726457,0.279978,0.9130475,0.7485831,0.2471889,2.24339,0.7038944,0.0594684,1.897655,0.452698,0.1061487,1.1834575,0.9655446,0.18669,2.85587,0.8877417,0.2245545,0.86731,0.4681022,0.2970588,1.91443,0.7256084,0.0600018,1,0.782221617602017,NA,NA,0.0737434321641816,NA,NA,0.0737434321641816,0.429693674556011,0,813457.872283667,0.0125715,64202232.1050987,1e-04,0,0.0850350856781006,75.7908554077148,"3_758_1",3,758,1,758,TRUE,TRUE,3,0.114840951562124,3,FALSE
"79",2.25754,0.35359921,0.1178205,0.57783675,0.453062,0.1521378,2.9315325,0.8408802,0.01414164,2.444335,0.5768899,0.1796715,2.734745,0.579139,0.0730527,1.8710075,0.9963488,0.1344417,2.091075,0.740279,0.01651704,2.362635,0.7764123,0.2156058,1.97865,0.4765428,0.0326007,1,0.661773105915929,NA,NA,0.0921969345971157,NA,NA,0.0921969345971157,0.0829187134048792,0,1587190.7341525,0.0246242,64202232.1050987,1e-04,0,0.0748858451843262,76.847282409668,"3_769_1",3,769,1,769,TRUE,TRUE,3,0.102456941003264,2,FALSE
"80",1.55785,0.9384805,0.1638996,1.1820875,0.6131051,0.176421,2.389435,0.7079047,0.01655739,1.343965,0.5193821,0.2273307,0.967585,0.5462264,0.1247226,1.8507725,0.7362701,0.0817626,2.4998275,0.720378,0.0316764,2.5323525,0.726608,0.051081,2.480955,0.5565479,0.0364977,1,0.818122763379897,NA,NA,0.0673915020726647,NA,NA,0.0673915020726647,0.460961493217592,0,270320.218443289,0.00411086,64202232.1050987,1e-04,0,0.0776426792144775,76.9406971931458,"3_770_1",3,770,1,770,TRUE,TRUE,2,0.117755320532218,1,FALSE
"81",2.2105325,0.4065484,0.2089575,1.9375675,0.30716247,0.2031483,0.97147,0.5331973,0.1734855,0.96982,0.8578174,0.0461355,2.73879,0.6320772,0.0651105,1.92331,0.9251805,0.0969846,2.3941875,0.6668007,0.0030354,1.292085,0.7371185,0.01483056,2.556605,0.4749419,0.02170938,1,0.759143958483524,NA,NA,0.0775523094023143,NA,NA,0.0775523094023143,0.363618585407894,0,1097216.19996399,0.0169917,64202232.1050987,1e-04,0,0.081787109375,78.7786989212036,"3_789_1",3,789,1,789,TRUE,TRUE,2,0.104150921563193,3,FALSE
"82",1.8102925,0.3939554,0.1712103,0.9504875,0.35118897,0.1639701,2.408765,0.7085725,0.0627501,2.4298125,0.3973175,0.0964281,0.53531225,0.4136562,0.02110524,1.65451,0.9856521,0.1743738,2.3043525,0.7496793,0.1107279,2.980685,0.9566371,0.1306212,2.26618,0.6433584,0.0326007,1,0.670222144779816,NA,NA,0.0910380941823192,NA,NA,0.0910380941823192,0.105202519320219,0,1587190.7341525,0.0246242,64202232.1050987,1e-04,0,0.0864472389221191,79.7474024295807,"3_799_1",3,799,1,799,TRUE,TRUE,2,0.0996787468607735,2,FALSE
"83",1.55785,0.9384805,0.1638996,1.1820875,0.6131051,0.176421,2.389435,0.7079047,0.01655739,1.343965,0.5193821,0.2273307,0.967585,0.5462264,0.1247226,1.8507725,0.7362701,0.1222437,2.0905125,0.6424414,0.0330957,1.8401725,0.726608,0.051081,2.480955,0.5565479,0.0364977,1,0.81396550545267,NA,NA,0.0681573508950609,NA,NA,0.0681573508950609,0.455493007414493,0,270320.218443289,0.00411086,64202232.1050987,1e-04,0,0.0760819911956787,79.8399517536163,"3_800_1",3,800,1,800,TRUE,TRUE,3,0.116718349235112,1,FALSE
"84",2.542345,0.33415734,0.2884263,1.1424,0.6453611,0.2213082,0.73758425,0.6740513,0.2531868,1.43406,0.4938629,0.0733776,1.70317,0.8268284,0.01806168,2.7674775,0.9306447,0.1703679,2.5048725,0.7049276,0.1954929,1.4215825,0.389089,0.1489527,2.49601,0.7722193,0.0544947,1,0.821680393986544,NA,NA,0.0667291373973261,NA,NA,0.0667291373973261,0.467186937998409,0,298949.624668254,0.00455683,64202232.1050987,1e-04,0,0.0778789520263672,79.9341435432434,"3_801_1",3,801,1,801,TRUE,TRUE,2,0.119101864431874,1,FALSE
"85",1.7533275,0.773221,0.1958013,1.476565,0.6732904,0.1564182,1.95465,0.7702621,0.02747181,1.7529975,0.4407553,0.1861989,0.713368,0.4306473,0.190878,2.852085,0.7034751,0.207015,2.4475,0.7224255,0.0546924,2.260005,0.6678346,0.1001448,2.770755,0.566931,0.0847743,1,0.817718471793528,NA,NA,0.0674663621638296,NA,NA,0.0674663621638296,0.454569806812623,0,269612.78059635,0.00409984,64202232.1050987,1e-04,0,0.0814309120178223,80.2201039791107,"3_804_1",3,804,1,804,TRUE,TRUE,1,0.11610366616321,1,FALSE
"86",2.29064,0.36681031,0.1047744,0.60708025,0.4281308,0.1422075,2.8958675,0.8239262,0.01527543,2.4933275,0.7769023,0.0863964,1.70334,0.7603697,0.0716556,2.830815,0.8721436,0.01053756,2.7469025,0.714939,0.0381942,2.396115,0.7849922,0.1733898,2.01547,0.4412831,0.0311805,1,0.65466222907346,NA,NA,0.0931610669231082,NA,NA,0.0931610669231082,0.0623943574904811,0,1689454.66248035,0.0262172,64202232.1050987,1e-04,0,0.0753719806671143,80.4064195156097,"3_806_1",3,806,1,806,TRUE,TRUE,2,0.105030090312326,2,FALSE
"87",2.4620875,0.7200448,0.1905327,0.70316275,0.5427404,0.2590569,1.5921675,0.9652485,0.0852429,2.8832225,0.6225376,0.1688436,1.1124475,0.5925804,0.295365,1.6407725,0.6750404,0.1572018,2.8011675,0.7956763,0.1548576,2.9223525,0.8085773,0.1417764,1.9268575,0.5185113,0.0673998,1,0.60559408755525,NA,NA,0.0995598242487893,NA,NA,0.0995598242487893,0.0335541524559096,0,2176649.51801437,0.0338064,64202232.1050987,1e-04,0,0.077235221862793,81.3911859989166,"3_816_1",3,816,1,816,TRUE,TRUE,3,0.126313331477224,2,FALSE
"88",2.6764775,0.4374898,0.1138431,0.6553455,0.8056793,0.2246622,0.67114425,0.6852142,0.2394288,2.2409575,0.5010267,0.02754207,1.1339275,0.419581,0.1466289,1.57303,0.9527458,0.287277,2.4425,0.7397204,0.0759111,1.3381875,0.32535022,0.2700309,2.4661375,0.636098,0.1452585,1,0.763740753168574,NA,NA,0.0768086921718279,NA,NA,0.0768086921718279,0.412759554046096,0,1116789.50300678,0.0172966,64202232.1050987,1e-04,0,0.0736069679260254,81.5835018157959,"3_818_1",3,818,1,818,TRUE,TRUE,3,0.114639303946616,5,TRUE
"89",2.2105325,0.4065484,0.2089575,1.9375675,0.30716247,0.0965796,2.87128,0.5876419,0.00952527,0.96982,0.8578174,0.0461355,2.73879,0.6320772,0.0651105,1.92331,0.9251805,0.0969846,2.3941875,0.6668007,0.0030354,1.292085,0.7371185,0.01483056,2.556605,0.4749419,0.02170938,1,0.759134471805497,NA,NA,0.0775538366767405,NA,NA,0.0775538366767405,0.397673553607399,0,1097216.19996399,0.0169917,64202232.1050987,1e-04,0,0.0800936222076416,81.6798806190491,"3_819_1",3,819,1,819,TRUE,TRUE,3,0.112149630098291,3,FALSE
"90",2.1078475,0.6699437,0.1463028,1.801,0.3733341,0.1479174,0.990435,0.5915521,0.2039316,2.7200375,0.8674207,0.1411713,1.880285,0.846119,0.1965642,1.9839425,0.7508861,0.1378836,2.2185475,0.7544253,0.0766614,2.588705,0.7697602,0.2263059,2.2994575,0.6562524,0.1043844,1,0.753344499914327,NA,NA,0.0784804283674991,NA,NA,0.0784804283674991,0.351358869302495,0,1285072.40427396,0.019918,64202232.1050987,1e-04,0,0.0829060077667236,81.9687697887421,"3_822_1",3,822,1,822,TRUE,TRUE,2,0.102956820799371,1,FALSE
"91",1.8102925,0.3939554,0.1712103,0.9504875,0.35118897,0.1639701,2.408765,0.7085725,0.0825051,2.0689625,0.390888,0.063636,0.97583,0.4136562,0.02110524,1.65451,0.9856521,0.1743738,2.3043525,0.7496793,0.1107279,2.980685,0.9566371,0.1306212,2.26618,0.6433584,0.0326007,1,0.669556936661013,NA,NA,0.0911298662192185,NA,NA,0.0911298662192185,0.104400405291296,0,1587190.7341525,0.0246242,64202232.1050987,1e-04,0,0.0741515159606934,82.6580374240875,"3_829_1",3,829,1,829,TRUE,TRUE,2,0.0999374382898401,2,FALSE
"92",2.5819025,0.36495811,0.2116353,0.69745475,0.6606484,0.2679636,0.53676275,0.8328568,0.2386935,1.841465,0.84285,0.1009719,2.21424,0.6880128,0.1839474,2.4748575,0.4184078,0.063582,2.70006,0.7711567,0.02798322,2.8319125,0.9884703,0.1742697,1.58348,0.5097543,0.01298691,1,0.79330391058989,NA,NA,0.0718426085530204,NA,NA,0.0718426085530204,0.435741685608789,0,556914.717092552,0.00857524,64202232.1050987,1e-04,0,0.0818619728088379,83.0401089191437,"3_833_1",3,833,1,833,TRUE,TRUE,1,0.114385820194011,5,FALSE
"93",1.7533275,0.773221,0.1958013,1.476565,0.6732904,0.1564182,1.95465,0.7702621,0.02747181,1.7529975,0.4407553,0.2348061,0.7620925,0.4607522,0.2906628,2.852085,0.7034751,0.207015,2.4475,0.7224255,0.0546924,2.260005,0.6678346,0.1001448,2.770755,0.566931,0.0847743,1,0.817600974656739,NA,NA,0.0674881027851565,NA,NA,0.0674881027851565,0.454582261036268,0,269612.78059635,0.00409984,64202232.1050987,1e-04,0,0.0768694877624512,83.1336860656738,"3_834_1",3,834,1,834,TRUE,TRUE,2,0.116117941698675,1,FALSE
"94",2.2105325,0.4065484,0.2089575,1.9375675,0.30716247,0.2031483,0.97147,0.5331973,0.1734855,0.9953275,0.852531,0.1069548,2.8639575,0.6233545,0.0494391,2.192615,0.5694685,0.0479538,2.5764375,0.6668007,0.0030354,1.292085,0.7371185,0.01483056,2.556605,0.4749419,0.02170938,1,0.760972906469482,NA,NA,0.0772573003350543,NA,NA,0.0772573003350543,0.36084020913974,0,1097216.19996399,0.0169917,64202232.1050987,1e-04,0,0.0753638744354248,84.6051089763641,"3_849_1",3,849,1,849,TRUE,TRUE,1,0.103011382195621,3,FALSE
"95",0.550616,0.7938346,0.1354566,0.58372625,0.5723287,0.180564,0.9489025,0.8446854,0.1864077,2.302865,0.9450976,0.0362961,1.7814375,0.743527,0.0327006,1.42724,0.7878132,0.01378845,2.9833225,0.8341945,0.2384601,2.0704975,0.5075801,0.1755855,2.10695,0.8944827,0.0834378,1,0.693357831241997,NA,NA,0.0877866248316456,NA,NA,0.0877866248316456,0.118461009623755,0,1415569.65066746,0.0219508,64202232.1050987,1e-04,0,0.0758576393127441,84.6982529163361,"3_850_1",3,850,1,850,TRUE,TRUE,2,0.0898435062441264,2,FALSE
"96",2.1078475,0.6699437,0.1463028,1.801,0.3733341,0.1479174,0.990435,0.5915521,0.2039316,2.7200375,0.8674207,0.1411713,2.827715,0.8637597,0.1287807,0.64903975,0.9605417,0.1450953,2.59197,0.8412778,0.1487529,1.988475,0.4957725,0.2377851,2.2994575,0.6562524,0.1043844,1,0.755582903368186,NA,NA,0.0781235110582478,NA,NA,0.0781235110582478,0.344771009307152,0,1285072.40427396,0.019918,64202232.1050987,1e-04,0,0.0756149291992188,84.8983972072601,"3_852_1",3,852,1,852,TRUE,TRUE,1,0.10082177250457,3,FALSE
"97",2.0039275,0.3853734,0.1066389,0.6611035,0.3730163,0.2109057,2.549135,0.7681985,0.1109472,2.37502,0.5548462,0.1193961,1.11377,0.31990555,0.1351842,1.40715,0.8891697,0.1611105,2.758225,0.894174,0.1027593,2.7644625,0.9573595,0.2610663,2.1771725,0.4434769,0.0326007,1,0.66613313809377,NA,NA,0.091600758631393,NA,NA,0.091600758631393,0.0626458583719737,0,1587190.7341525,0.0246242,64202232.1050987,1e-04,0,0.0740649700164795,85.5889558792114,"3_859_1",3,859,1,859,TRUE,TRUE,1,0.0997602406130263,2,FALSE
"98",1.7533275,0.773221,0.1958013,1.476565,0.6732904,0.1564182,1.95465,0.8630877,0.02148651,1.5982075,0.4307754,0.1762332,0.9293125,0.5705437,0.110901,2.043875,0.7050662,0.114309,2.82917,0.7779628,0.1708056,2.656835,0.6678346,0.1001448,2.770755,0.566931,0.0847743,1,0.817758254745638,NA,NA,0.0674589994937232,NA,NA,0.0674589994937232,0.459379543948901,0,269612.78059635,0.00409984,64202232.1050987,1e-04,0,0.0793187618255615,86.0726945400238,"3_864_1",3,864,1,864,TRUE,TRUE,2,0.117370611199812,1,FALSE
"99",2.8627675,0.429598,0.2362266,0.70184975,0.4950865,0.2155392,0.636626,0.7286534,0.1938891,2.666995,0.8820059,0.01846485,1.697755,0.3708813,0.2749983,1.5694075,0.6704631,0.1840704,2.595335,0.9577977,0.0929541,0.65476775,0.4954281,0.166341,2.20656,0.5123079,0.0820983,1,0.777533560217132,NA,NA,0.0745329335775788,NA,NA,0.0745329335775788,0.41954476746101,0,868390.228510998,0.0134272,64202232.1050987,1e-04,0,0.0759642124176025,87.3545954227448,"3_877_1",3,877,1,877,TRUE,TRUE,3,0.113240576981242,5,FALSE
"100",2.1078475,0.6699437,0.1463028,1.801,0.3733341,0.1479174,0.990435,0.5915521,0.1766133,2.7200375,0.8674207,0.1411713,2.827715,0.8637597,0.1287807,0.64903975,0.9605417,0.1450953,2.59197,0.8412778,0.1487529,1.988475,0.4957725,0.2377851,2.2994575,0.6562524,0.1043844,1,0.755632336179887,NA,NA,0.0781156105059789,NA,NA,0.0781156105059789,0.345003019065312,0,1285072.40427396,0.019918,64202232.1050987,1e-04,0,0.075120210647583,87.8472409248352,"3_882_1",3,882,1,882,TRUE,TRUE,1,0.100860102694033,3,FALSE
"101",1.3479125,0.4102871,0.0872133,0.921405,0.35118897,0.1639701,2.408765,0.7085725,0.0825051,2.0689625,0.390888,0.063636,0.97583,0.4136562,0.02110524,1.65451,0.9856521,0.1743738,2.3043525,0.7496793,0.1107279,2.980685,0.9566371,0.1306212,2.26618,0.6433584,0.0326007,1,0.669690434238569,NA,NA,0.0911114563224835,NA,NA,0.0911114563224835,0.106337755382377,0,1587190.7341525,0.0246242,64202232.1050987,1e-04,0,0.0815260410308838,88.5331184864044,"3_889_1",3,889,1,889,TRUE,TRUE,3,0.0999878853269533,2,FALSE
"102",1.122115,0.8755281,0.1217013,1.743895,0.695633,0.1045059,2.928305,0.9400569,0.1590855,1.8533575,0.3882889,0.26649,0.86253,0.34640104,0.2491539,2.1115625,0.5233308,0.1436268,2.7832725,0.7779628,0.1708056,2.656835,0.6678346,0.1001448,2.770755,0.4027005,0.1089978,1,0.810607248113612,NA,NA,0.0687697807975512,NA,NA,0.0687697807975512,0.448315332269507,0,246143.433730451,0.00373425,64202232.1050987,1e-04,0,0.0850107669830322,89.0181384086609,"3_894_1",3,894,1,894,TRUE,TRUE,3,0.115201871376806,1,FALSE
"103",2.638925,0.36694233,0.0776184,0.630935,0.4543899,0.2013126,2.88883,0.8997558,0.0484878,2.432165,0.6926839,0.0899421,0.78533,0.36394983,0.1167948,1.2154025,0.9902777,0.2378388,2.6906075,0.8389692,0.01631523,2.07907,0.4892037,0.2746191,1.711505,0.4898687,0.0479364,1,0.798438455473899,NA,NA,0.0709446746905926,NA,NA,0.0709446746905926,0.447450181589545,0,506438.834126061,0.00778896,64202232.1050987,1e-04,0,0.083303689956665,89.9769058227539,"3_904_1",3,904,1,904,TRUE,TRUE,3,0.116593315899988,1,FALSE
"104",2.8627675,0.429598,0.2362266,0.70184975,0.4950865,0.2155392,0.636626,0.7078032,0.1751841,2.638995,0.8092003,0.00786654,1.317945,0.3511623,0.1867113,2.8730175,0.9249096,0.0836097,2.595335,0.9577977,0.0929541,0.65476775,0.4954281,0.166341,2.20656,0.5123079,0.0820983,1,0.777503705319999,NA,NA,0.074537934553047,NA,NA,0.074537934553047,0.418992442405109,0,868390.228510998,0.0134272,64202232.1050987,1e-04,0,0.0811700820922852,90.2750129699707,"3_907_1",3,907,1,907,TRUE,TRUE,3,0.11310939394668,5,FALSE
"105",1.4567425,0.6857581,0.1463028,1.801,0.3733341,0.1479174,0.990435,0.5915521,0.2039316,2.7200375,0.8674207,0.1411713,2.827715,0.8637597,0.1287807,0.64903975,0.9605417,0.1450953,2.59197,0.8412778,0.1487529,1.988475,0.302695294,0.1838514,2.0937425,0.8013008,0.1544667,1,0.758087207094234,NA,NA,0.0777222528558284,NA,NA,0.0777222528558284,0.357793038216075,0,1279082.93502538,0.0198247,64202232.1050987,1e-04,0,0.082972526550293,90.7666258811951,"3_912_1",3,912,1,912,TRUE,TRUE,1,0.103091909570055,3,FALSE
"106",1.55785,0.976585,0.1867113,1.11903,0.4710576,0.1248699,2.1682975,0.6752805,0.0410463,1.6604475,0.6036271,0.1860492,0.503816775,0.5462264,0.1247226,1.8507725,0.7362701,0.0817626,2.4998275,0.720378,0.0316764,2.5323525,0.726608,0.051081,2.480955,0.5565479,0.0364977,1,0.818084119451572,NA,NA,0.0673986611160524,NA,NA,0.0673986611160524,0.455696938872839,0,270320.218443289,0.00411086,64202232.1050987,1e-04,0,0.0752217769622803,91.5470461845398,"3_920_1",3,920,1,920,TRUE,TRUE,1,0.116367569319028,1,FALSE
"107",2.1648,0.4102871,0.124074,0.6068885,0.32930515,0.0950091,2.57731,0.7849117,0.01391832,2.7473375,0.8421885,0.0490413,1.39792,0.6255735,0.1966251,2.904315,0.6587801,0.0412089,2.449965,0.7779313,0.0525795,2.342995,0.8411826,0.0602619,2.299315,0.31105755,0.0491418,1,0.64355406941732,NA,NA,0.0946475209836337,NA,NA,0.0946475209836337,0.0705976345291526,0,1712950.32962912,0.0265832,64202232.1050987,1e-04,0,0.0748434066772461,94.4578595161438,"3_949_1",3,949,1,949,TRUE,TRUE,3,0.110281305444969,2,FALSE
"108",1.8400775,0.6333568,0.1081527,0.9096775,0.4661751,0.0601422,0.7379765,0.6752805,0.0410463,1.6604475,0.6036271,0.1860492,0.503816775,0.5462264,0.1247226,1.8507725,0.7362701,0.0817626,2.4998275,0.720378,0.0316764,2.5323525,0.726608,0.0958341,2.6828225,0.5209473,0.0587475,1,0.69168837249645,NA,NA,0.0880252697897102,NA,NA,0.0880252697897102,0.131361425417104,0,1363680.17592333,0.0211425,64202232.1050987,1e-04,0,0.0812759399414062,94.5570528507233,"3_950_1",3,950,1,950,TRUE,TRUE,3,0.0916347004265673,2,FALSE
"109",2.4620875,0.9651519,0.1905327,0.70316275,0.5427404,0.2590569,1.5921675,0.9652485,0.0852429,2.8832225,0.6225376,0.1688436,1.1124475,0.5925804,0.295365,1.6407725,0.6750404,0.1572018,2.8011675,0.7956763,0.1548576,2.9223525,0.8085773,0.1417764,1.9268575,0.5185113,0.0673998,1,0.604302484087556,NA,NA,0.0997227106354509,NA,NA,0.0997227106354509,0.0277265745078834,0,2176649.51801437,0.0338064,64202232.1050987,1e-04,0,0.0834124088287354,96.3270180225372,"3_966_1",3,966,1,966,TRUE,TRUE,1,0.1268473016626,2,FALSE
"110",2.8627675,0.429598,0.2362266,0.70184975,0.4950865,0.2155392,0.636626,0.7078032,0.1751841,2.638995,0.8092003,0.00786654,1.317945,0.3511623,0.1867113,2.8730175,0.9249096,0.0836097,2.4589475,0.9241074,0.0742989,0.682769,0.4954281,0.166341,2.20656,0.5123079,0.0820983,1,0.776257249817302,NA,NA,0.0747464289479777,NA,NA,0.0747464289479777,0.417515089037072,0,868390.228510998,0.0134272,64202232.1050987,1e-04,0,0.0806484222412109,96.4338600635529,"3_967_1",3,967,1,967,TRUE,TRUE,3,0.113003293314156,5,FALSE
"111",2.70646,0.3848232,0.2328633,0.58818425,0.4219148,0.1260387,2.5815075,0.7322668,0.00935532,2.593105,0.3981736,0.1325334,0.629691,0.36198878,0.01564002,1.0699175,0.917232,0.0955641,2.89456,0.9427883,0.2188146,1.7973575,0.4470126,0.2889348,1.9816775,0.568079,0.0921774,1,0.797973071917444,NA,NA,0.0710265292159763,NA,NA,0.0710265292159763,0.44581460712189,0,500084.732665992,0.00768998,64202232.1050987,1e-04,0,0.0763552188873291,96.5336737632751,"3_968_1",3,968,1,968,TRUE,TRUE,2,0.116240148704631,1,FALSE
"112",2.873345,0.6168011,0.0481662,0.9272475,0.36971811,0.1565595,1.4168725,0.5737959,0.0987963,1.3872,0.8728415,0.1141917,1.9834275,0.386478,0.1339155,1.7011775,0.647606,0.01662984,2.5986825,0.6710728,0.0335727,2.65689,0.8069183,0.0819822,2.5266525,0.301080842,0.0363993,1,0.655607153584255,NA,NA,0.093033524436749,NA,NA,0.093033524436749,0.0746856049448017,0,1549623.34503922,0.024039,64202232.1050987,1e-04,0,0.0754714012145996,96.821521282196,"3_971_1",3,971,1,971,TRUE,TRUE,3,0.104965548396373,2,FALSE
"113",1.4567425,0.6857581,0.1463028,1.801,0.3733341,0.1479174,0.990435,0.5915521,0.2039316,2.73047,0.887468,0.1401093,2.798805,0.9413645,0.1272345,0.64903975,0.9605417,0.1450953,2.59197,0.8412778,0.1487529,1.988475,0.302695294,0.1838514,2.0937425,0.8013008,0.1544667,1,0.758048001287464,NA,NA,0.0777285506628611,NA,NA,0.0777285506628611,0.357808362836441,0,1279082.93502538,0.0198247,64202232.1050987,1e-04,0,0.0763320922851562,96.9159042835236,"3_972_1",3,972,1,972,TRUE,TRUE,2,0.103106255283384,3,FALSE
"114",1.74592,0.6769598,0.2690502,0.9431075,0.5601494,0.170784,1.2421075,0.9469148,0.1454832,2.9496175,0.9399715,0.104508,2.3368725,0.7059706,0.2600691,1.23213,0.6760351,0.1438446,2.40411,0.8851377,0.0310995,1.5863525,0.3929096,0.0946857,2.4412275,0.6250156,0.1744602,1,0.694545050332542,NA,NA,0.0876165193443858,NA,NA,0.0876165193443858,0.169689528605678,0,1372879.435766,0.0212858,64202232.1050987,1e-04,0,0.0785205364227295,97.2025470733643,"3_975_1",3,975,1,975,TRUE,TRUE,2,0.0940479237347763,3,TRUE
"115",1.122115,0.34015011,0.0905982,0.5295585,0.5357404,0.2431461,2.5424525,0.9591179,0.1207056,2.4667375,0.8822516,0.1755633,1.28365,0.6765503,0.0794094,1.892645,0.6300143,0.1436268,2.7832725,0.7779628,0.1708056,2.656835,0.6678346,0.1001448,2.770755,0.4027005,0.1089978,1,0.811214456670892,NA,NA,0.0686594515418338,NA,NA,0.0686594515418338,0.446455586297242,0,246143.433730451,0.00373425,64202232.1050987,1e-04,0,0.0740315914154053,98.0738186836243,"3_984_1",3,984,1,984,TRUE,TRUE,2,0.114643832277425,1,FALSE
"116",1.055525,0.8423313,0.1020633,1.1861375,0.9746026,0.1963866,2.532535,0.9540597,0.1455147,1.4183925,0.4911182,0.2913858,1.4796725,0.9146665,0.0418869,2.62062,0.4761739,0.1315164,2.8529675,0.5682232,0.0348606,2.9966325,0.630281,0.0754332,2.995575,0.7707675,0.1449684,1,0.821714329083458,NA,NA,0.0667227876539077,NA,NA,0.0667227876539077,0.456983815563797,0,349991.072737425,0.00535192,64202232.1050987,1e-04,0,0.0739552974700928,98.264853477478,"3_986_1",3,986,1,986,TRUE,TRUE,1,0.116395269342419,1,FALSE
"117",0.8970275,0.6821979,0.1085169,1.1396875,0.3777511,0.2807301,1.9562175,0.6766161,0.1999926,2.342145,0.8996585,0.1564686,1.28594,0.7882381,0.0686973,1.394565,0.593356,0.1275708,2.9057025,0.7153177,0.2348409,2.97359,0.7306442,0.1367709,2.40812,0.8594106,0.0770394,1,0.680601175788025,NA,NA,0.0895940294971947,NA,NA,0.0895940294971947,0.130217301281565,0,1543986.95275599,0.0239512,64202232.1050987,1e-04,0,0.0737314224243164,99.5427169799805,"3_999_1",3,999,1,999,TRUE,TRUE,3,0.0966262179546655,2,FALSE
